{
  "experiment": "baseline",
  "model": "HooshvareLab/bert-fa-base-uncased",
  "max_length": 256,
  "train_size": 2800,
  "test_size": 800,
  "train_loss": 0.13479872008874302,
  "test_metrics": {
    "eval_loss": 0.1764051467180252,
    "eval_accuracy": 0.9775,
    "eval_f1_macro": 0.9694850603941514,
    "eval_f1_human": 0.9538461538461539,
    "eval_f1_ai": 0.9851239669421488,
    "eval_precision_macro": 0.9779982743744607,
    "eval_recall_macro": 0.9616666666666667,
    "eval_runtime": 2.4192,
    "eval_samples_per_second": 330.693,
    "eval_steps_per_second": 10.334,
    "epoch": 3.0
  },
  "timestamp": "2026-06-18T12:04:31.516028"
}